{
  "fitness": 0.3845275821965076,
  "weights": {
    "vertical_push": 4.299335803923478,
    "pieces_in_scoring_attack": 17.197343215693913,
    "horizontal_attack_self": 4.299335803923478,
    "inactive_self": 21.49667901961739,
    "pieces_blocking_vertical_self": 64.49003705885217,
    "horizontal_base_self": 4.299335803923478,
    "horizontal_negative_self": 8.598671607846956,
    "pieces_in_scoring_defense": 17.197343215693913,
    "pieces_blocking_vertical_opp": 64.49003705885217,
    "horizontal_base_opp": 4.299335803923478,
    "horizontal_attack_opp": 4.299335803923478,
    "inactive_opp": 21.49667901961739
  },
  "weights_normalized": [
    0.04299335803923478,
    0.1719734321569391,
    0.04299335803923478,
    0.2149667901961739,
    0.6449003705885217,
    0.04299335803923478,
    0.08598671607846956,
    0.1719734321569391,
    0.6449003705885217,
    0.04299335803923478,
    0.04299335803923478,
    0.2149667901961739
  ],
  "norm": 1.0
}